City_id,City,Country,Date,Lat,Lng,Max Temp,Humidity,Cloudiness,Wind Speed,Current Description
0,Georgetown,MY,12/4/2021 4:08,5.4112,100.3354,84.13,65,20,13.8,few clouds
1,Newport,GB,12/4/2021 4:06,51.5877,-2.9984,47.44,92,99,25.7,light rain
2,Tual,ID,12/4/2021 4:07,-5.6667,132.75,84.02,73,64,9.22,broken clouds
3,Parvatipuram,IN,12/4/2021 4:08,18.7833,83.4333,69.37,92,100,5.39,overcast clouds
4,Surab,PK,12/4/2021 4:08,28.4914,66.2585,49.86,34,0,2.35,clear sky
5,Westport,US,12/4/2021 4:08,41.1415,-73.3579,38.98,70,1,3,clear sky
6,Avarua,CK,12/4/2021 4:08,-21.2078,-159.775,75.25,94,75,9.22,moderate rain
7,Phrae,TH,12/4/2021 4:08,18.0833,100,80.6,41,7,2.46,clear sky
8,Qaanaaq,GL,12/4/2021 4:08,77.484,-69.3632,3.94,90,99,6.51,overcast clouds
9,Tambopata,PE,12/4/2021 4:08,-12.7333,-69.1833,75.15,90,79,1.68,broken clouds
10,Barrow,US,12/4/2021 4:08,71.2906,-156.7887,-7.58,71,1,19.57,clear sky
11,Ushuaia,AR,12/4/2021 4:04,-54.8,-68.3,49.66,53,40,20.71,scattered clouds
12,Norman Wells,CA,12/4/2021 4:08,65.282,-126.8329,-33.38,99,40,1.36,scattered clouds
13,Hithadhoo,MV,12/4/2021 4:08,-0.6,73.0833,82.4,75,31,11.88,scattered clouds
14,East London,ZA,12/4/2021 4:04,-33.0153,27.9116,65.32,78,99,3.11,overcast clouds
15,Jamestown,US,12/4/2021 4:08,42.097,-79.2353,35.71,85,90,4,mist
16,Cherskiy,RU,12/4/2021 4:06,68.75,161.3,-10.79,97,100,16.17,light snow
17,Riberalta,BO,12/4/2021 4:09,-10.9833,-66.1,75.87,75,100,2.59,overcast clouds
18,Aklavik,CA,12/4/2021 4:09,68.2191,-135.0107,-25.19,86,1,9.04,clear sky
19,Punta Arenas,CL,12/4/2021 4:04,-53.15,-70.9167,48.31,76,75,14.97,broken clouds
20,Nishihara,JP,12/4/2021 4:06,26.1842,127.7558,69.46,45,75,16.11,broken clouds
21,Boende,CD,12/4/2021 4:09,-0.2167,20.8667,69.96,97,100,2.13,overcast clouds
22,Kruisfontein,ZA,12/4/2021 4:09,-34.0033,24.7314,57.88,79,100,2.77,overcast clouds
23,Pevek,RU,12/4/2021 4:09,69.7008,170.3133,-8.9,91,100,12.82,overcast clouds
24,White Center,US,12/4/2021 4:09,47.5173,-122.3549,41.23,87,75,1.99,broken clouds
25,Mahebourg,MU,12/4/2021 4:09,-20.4081,57.7,82.26,73,3,11.1,clear sky
26,Upernavik,GL,12/4/2021 4:09,72.7868,-56.1549,9.27,66,90,8.99,overcast clouds
27,Nikolskoye,RU,12/4/2021 4:09,59.7035,30.7861,24.69,97,100,3.96,overcast clouds
28,Yar-Sale,RU,12/4/2021 4:09,66.8333,70.8333,-8.36,97,100,9.66,overcast clouds
29,Nome,US,12/4/2021 4:09,64.5011,-165.4064,6.87,85,90,25.32,snow
30,Saint-Philippe,RE,12/4/2021 4:09,-21.3585,55.7679,82.22,79,22,9.78,few clouds
31,Airai,TL,12/4/2021 4:09,-8.9266,125.4092,70.74,69,97,3.29,overcast clouds
32,Lakatoro,VU,12/4/2021 4:09,-16.0999,167.4164,84.18,69,47,9.42,scattered clouds
33,Atuona,PF,12/4/2021 4:06,-9.8,-139.0333,78.89,71,0,16.37,clear sky
34,Vaini,TO,12/4/2021 4:09,-21.2,-175.2,82.56,89,20,4.61,light rain
35,Victoria,HK,12/4/2021 4:09,22.2855,114.1577,71.04,34,45,3,scattered clouds
36,Tasiilaq,GL,12/4/2021 4:09,65.6145,-37.6368,24.96,58,0,7.54,clear sky
37,Touros,BR,12/4/2021 4:09,-5.1989,-35.4608,79.7,81,97,12.41,overcast clouds
38,Dafeng,CN,12/4/2021 4:09,23.4517,108.5881,68.27,32,59,4.88,broken clouds
39,Abha,SA,12/4/2021 4:09,18.2164,42.5053,43.05,31,0,0,clear sky
40,Deputatskiy,RU,12/4/2021 4:09,69.3,139.9,-40.74,95,48,5.53,scattered clouds
41,Muros,ES,12/4/2021 4:09,42.7762,-9.0603,59.09,95,91,17.47,overcast clouds
42,Longyearbyen,SJ,12/4/2021 4:09,78.2186,15.6401,29.66,89,100,11.05,light snow
43,Manicore,BR,12/4/2021 4:09,-5.8092,-61.3003,73.63,99,100,1.68,overcast clouds
44,Tilichiki,RU,12/4/2021 4:09,60.4667,166.1,17.08,87,79,2.93,broken clouds
45,Tiksi,RU,12/4/2021 4:09,71.6872,128.8694,-31.23,99,43,4.9,scattered clouds
46,Sesheke,ZM,12/4/2021 4:09,-17.4759,24.2968,74.46,44,34,4.41,scattered clouds
47,Bluff,NZ,12/4/2021 4:09,-46.6,168.3333,60.75,91,89,2.73,overcast clouds
48,Ferry Pass,US,12/4/2021 4:09,30.5102,-87.2125,64.63,95,1,3.44,mist
49,Fort Nelson,CA,12/4/2021 4:09,58.8053,-122.7002,-17.9,100,96,1.72,overcast clouds
50,Olga,RU,12/4/2021 4:09,43.7444,135.2892,21.04,41,51,14.27,broken clouds
51,Sisimiut,GL,12/4/2021 4:09,66.9395,-53.6735,18.97,57,100,19.17,overcast clouds
52,Aseri,EE,12/4/2021 4:09,59.4506,26.8675,24.82,85,99,10.11,overcast clouds
53,Ust-Omchug,RU,12/4/2021 4:09,61.15,149.6333,-19.23,98,100,4.07,overcast clouds
54,Grand Gaube,MU,12/4/2021 4:09,-20.0064,57.6608,82.38,65,22,10,few clouds
55,Aksu,CN,12/4/2021 4:09,41.1231,80.2644,32.29,37,98,1.39,overcast clouds
56,Alofi,NU,12/4/2021 4:10,-19.0595,-169.9187,79.14,80,99,17.16,overcast clouds
57,Turkistan,KZ,12/4/2021 4:10,43,68,49.69,51,100,1.39,overcast clouds
58,Lokosovo,RU,12/4/2021 4:10,61.1333,74.8167,15.22,94,100,9.57,overcast clouds
59,Moroto,UG,12/4/2021 4:10,2.5345,34.6666,65.95,68,12,6.73,few clouds
60,Albany,US,12/4/2021 4:07,42.6001,-73.9662,31.62,72,39,4.88,scattered clouds
61,Ponta Do Sol,PT,12/4/2021 4:10,32.6667,-17.1,65.03,72,98,10.27,overcast clouds
62,Kapaa,US,12/4/2021 4:10,22.0752,-159.319,73.38,68,1,4,clear sky
63,Bembereke,BJ,12/4/2021 4:10,10.2283,2.6634,69.22,27,71,4.23,broken clouds
64,Esperance,AU,12/4/2021 4:10,-33.8667,121.9,70.05,51,0,17.81,clear sky
65,Fairbanks,US,12/4/2021 4:10,64.8378,-147.7164,-22.02,69,1,3.44,clear sky
66,Honiara,SB,12/4/2021 4:05,-9.4333,159.95,83.8,78,100,5.19,overcast clouds
67,Hobart,AU,12/4/2021 4:06,-42.8794,147.3294,61.02,50,40,5.01,scattered clouds
68,Tukrah,LY,12/4/2021 4:09,32.5341,20.5791,59.7,80,94,1.7,overcast clouds
69,Phonhong,LA,12/4/2021 4:10,18.5007,102.4166,71.42,46,87,1.41,overcast clouds
70,Nirsa,IN,12/4/2021 4:10,23.7833,86.7167,72.99,58,100,1.3,overcast clouds
71,Gidole,ET,12/4/2021 4:10,5.65,37.3667,54.82,69,7,3.4,clear sky
72,Yellowknife,CA,12/4/2021 4:10,62.456,-114.3525,-8.54,92,100,10.54,overcast clouds
73,Kenai,US,12/4/2021 4:10,60.5544,-151.2583,0.03,84,1,4.61,light snow
74,Butaritari,KI,12/4/2021 4:10,3.0707,172.7902,82.85,75,92,13.09,overcast clouds
75,Clyde River,CA,12/4/2021 4:10,70.4692,-68.5914,8.83,85,85,13.8,overcast clouds
76,Makushino,RU,12/4/2021 4:10,55.2103,67.2442,22.5,94,22,9.78,few clouds
77,Olinda,BR,12/4/2021 4:06,-8.0089,-34.8553,80.33,83,40,6.91,scattered clouds
78,Kimbe,PG,12/4/2021 4:10,-5.5502,150.1429,84.69,77,99,2.8,moderate rain
79,Rikitea,PF,12/4/2021 4:09,-23.1203,-134.9692,76.6,73,71,13.76,broken clouds
80,Hirara,JP,12/4/2021 4:10,24.8,125.2833,67.87,55,43,22.57,scattered clouds
81,Hermanus,ZA,12/4/2021 4:10,-34.4187,19.2345,59.9,78,83,14.65,broken clouds
82,Galesong,ID,12/4/2021 4:10,-5.3166,119.3661,86.02,66,100,6.51,overcast clouds
83,Hilo,US,12/4/2021 4:06,19.7297,-155.09,78.53,82,90,12.66,light rain
84,Pyaozerskiy,RU,12/4/2021 4:10,65.8333,31.1667,13.48,95,99,7.81,overcast clouds
85,Luis Correia,BR,12/4/2021 4:10,-2.8792,-41.6669,80.38,81,89,10.78,overcast clouds
86,Guerrero Negro,MX,12/4/2021 4:10,27.9769,-114.0611,61.88,84,42,11.61,scattered clouds
87,Ribeira Grande,PT,12/4/2021 4:10,38.5167,-28.7,65.07,82,100,11.14,overcast clouds
88,Chokurdakh,RU,12/4/2021 4:10,70.6333,147.9167,-29.49,97,100,8.75,overcast clouds
89,Ovsyanka,RU,12/4/2021 4:10,55.9575,92.5519,33.22,87,78,15.95,broken clouds
90,Cape Town,ZA,12/4/2021 4:10,-33.9258,18.4232,62.35,72,66,5.01,broken clouds
91,Pisco,PE,12/4/2021 4:10,-13.7,-76.2167,66.25,82,99,1.14,overcast clouds
92,Mataura,NZ,12/4/2021 4:09,-46.1927,168.8643,63.82,95,100,3.15,moderate rain
93,Houma,US,12/4/2021 4:08,29.5958,-90.7195,63,97,30,1.01,scattered clouds
94,Busselton,AU,12/4/2021 4:09,-33.65,115.3333,82.09,36,8,0.92,clear sky
95,Dalvik,IS,12/4/2021 4:10,65.9702,-18.5286,25.52,66,32,5.28,scattered clouds
96,Meulaboh,ID,12/4/2021 4:10,4.1363,96.1285,83.8,65,83,1.5,broken clouds
97,Sokolo,ML,12/4/2021 4:11,14.7328,-6.1219,73.8,17,27,10.69,scattered clouds
98,Nanortalik,GL,12/4/2021 4:11,60.1432,-45.2371,34.41,93,100,28.41,moderate rain
99,Thompson,CA,12/4/2021 4:10,55.7435,-97.8558,-10.25,97,84,4.56,broken clouds
100,Ambilobe,MG,12/4/2021 4:11,-13.2,49.05,80.6,60,59,4.03,broken clouds
101,Mariental,NA,12/4/2021 4:11,-24.6333,17.9667,67.53,25,60,10.49,broken clouds
102,Castro,BR,12/4/2021 4:11,-24.7911,-50.0119,58.73,88,86,11.41,overcast clouds
103,Windhoek,NA,12/4/2021 4:11,-22.5594,17.0832,58.1,59,91,7.92,overcast clouds
104,Ottumwa,US,12/4/2021 4:11,41.02,-92.4113,43.66,68,1,4,clear sky
105,Ugoofaaru,MV,12/4/2021 4:11,5.6667,73,82.09,76,13,6.13,light rain
106,Broome,US,12/4/2021 4:06,42.2506,-75.833,33.55,71,90,3,overcast clouds
107,Zunyi,CN,12/4/2021 4:11,27.6867,106.9072,54.82,66,100,2.55,overcast clouds
108,Akhalgori,GE,12/4/2021 4:11,42.126,44.4833,29.71,45,13,3.53,few clouds
109,Lebu,CL,12/4/2021 4:11,-37.6167,-73.65,51.89,90,4,17.52,clear sky
110,Cabo San Lucas,MX,12/4/2021 4:11,22.8909,-109.9124,78.51,74,100,7.83,overcast clouds
111,Faanui,PF,12/4/2021 4:11,-16.4833,-151.75,81.54,71,26,19.57,scattered clouds
112,Port Elizabeth,ZA,12/4/2021 4:11,-33.918,25.5701,60.1,80,100,4.76,overcast clouds
113,Lorengau,PG,12/4/2021 4:11,-2.0226,147.2712,83.59,80,68,8.93,broken clouds
114,Tuktoyaktuk,CA,12/4/2021 4:10,69.4541,-133.0374,-21.57,91,13,7.02,few clouds
115,Gweta,BW,12/4/2021 4:11,-20.1833,25.2333,80.87,35,36,8.41,scattered clouds
116,Bambous Virieux,MU,12/4/2021 4:11,-20.3428,57.7575,82.22,74,5,11.32,clear sky
117,Asau,RO,12/4/2021 4:11,46.4333,26.4,32.95,77,100,0.83,overcast clouds
118,Chippewa Falls,US,12/4/2021 4:11,44.9369,-91.3929,35.78,92,1,9.22,clear sky
119,Washougal,US,12/4/2021 4:11,45.5826,-122.3534,42.08,92,1,0,clear sky
120,Surman,LY,12/4/2021 4:11,32.7567,12.5716,53.31,59,53,24.23,broken clouds
121,Broken Hill,AU,12/4/2021 4:11,-31.95,141.4333,77.29,14,93,17.98,overcast clouds
122,Bengkulu,ID,12/4/2021 4:11,-3.8004,102.2655,84.02,68,100,5.82,overcast clouds
123,Jalu,LY,12/4/2021 4:09,29.0331,21.5482,60.67,30,100,6.89,overcast clouds
124,Agadez,NE,12/4/2021 4:11,19.75,10.25,62.6,26,10,5.44,clear sky
125,Khatanga,RU,12/4/2021 4:11,71.9667,102.5,-19.68,97,100,15.39,overcast clouds
126,Churapcha,RU,12/4/2021 4:11,62.0025,132.4325,-29.25,96,58,7.65,broken clouds
127,Saint Pete Beach,US,12/4/2021 4:06,27.7253,-82.7412,63.18,92,93,4.47,overcast clouds
128,Takoradi,GH,12/4/2021 4:11,4.8845,-1.7554,79.2,85,90,6.85,light rain
129,Ullapool,GB,12/4/2021 4:11,57.8987,-5.1604,39.76,92,100,3,light rain
130,Dunedin,NZ,12/4/2021 4:11,-45.8742,170.5036,54.81,66,100,3,moderate rain
131,Glazov,RU,12/4/2021 4:11,58.1394,52.6584,33.37,98,100,14.76,snow
132,Auki,SB,12/4/2021 4:11,-8.7676,160.7034,82.2,80,100,2.13,overcast clouds
133,Moose Factory,CA,12/4/2021 4:11,51.2585,-80.6094,-2.15,97,46,4.76,scattered clouds
134,Ola,RU,12/4/2021 4:11,59.5833,151.2833,2.14,93,100,7.81,light snow
135,Chauk,MM,12/4/2021 4:11,20.8833,94.8167,79.83,55,97,4.79,overcast clouds
136,Wasilla,US,12/4/2021 4:11,61.5814,-149.4394,4.44,84,1,5.75,clear sky
137,Southbridge,US,12/4/2021 4:11,42.0751,-72.0334,31.96,51,7,1.99,clear sky
138,Melo,UY,12/4/2021 4:11,-32.3667,-54.1833,55.35,94,2,7,clear sky
139,Tuatapere,NZ,12/4/2021 4:11,-46.1333,167.6833,61.56,95,94,3,overcast clouds
140,Shambu,ET,12/4/2021 4:12,9.5667,37.1,50.58,56,5,3.24,clear sky
141,Faya,SA,12/4/2021 4:12,18.3851,42.4509,43.32,27,0,3.8,clear sky
142,Leningradskiy,RU,12/4/2021 4:12,69.3833,178.4167,1.15,90,100,14.05,overcast clouds
143,Tyrma,RU,12/4/2021 4:12,50.0833,132.1667,-1.34,84,70,2.42,broken clouds
144,Half Moon Bay,US,12/4/2021 4:12,37.4636,-122.4286,55.71,87,90,1.01,haze
145,Talnakh,RU,12/4/2021 4:12,69.4865,88.3972,-27.8,97,88,12.64,overcast clouds
146,Balabac,PH,12/4/2021 4:12,7.9868,117.0645,81.64,81,100,11.61,overcast clouds
147,Plettenberg Bay,ZA,12/4/2021 4:12,-34.0527,23.3716,60.93,79,100,5.06,overcast clouds
148,Constitucion,CL,12/4/2021 4:12,-35.3333,-72.4167,52.68,70,8,8.23,clear sky
149,La Ronge,CA,12/4/2021 4:12,55.1001,-105.2842,-0.08,99,90,5.73,overcast clouds
150,Sao Filipe,CV,12/4/2021 4:12,14.8961,-24.4956,74.59,69,100,10.49,overcast clouds
151,Pochinki,RU,12/4/2021 4:12,54.6988,44.8668,38.17,96,100,20.24,light rain
152,Naduvattam,IN,12/4/2021 4:12,11.4833,76.5667,62.15,81,89,1.92,overcast clouds
153,San Patricio,US,12/4/2021 4:12,28.017,-97.5169,73.89,88,1,9.01,clear sky
154,Cockburn Town,TC,12/4/2021 4:12,21.4612,-71.1419,79.18,76,27,16.91,scattered clouds
155,Klaksvik,FO,12/4/2021 4:12,62.2266,-6.589,34.72,73,96,7.83,light rain
156,Cabedelo,BR,12/4/2021 4:12,-6.9811,-34.8339,79.47,84,85,9.93,overcast clouds
157,Whitefish,US,12/4/2021 4:12,48.4111,-114.3376,35.51,84,90,0,overcast clouds
158,New Norfolk,AU,12/4/2021 4:12,-42.7826,147.0587,60.66,37,91,4,overcast clouds
159,Hofn,IS,12/4/2021 4:12,64.2539,-15.2082,31.06,52,2,9.01,clear sky
160,Saskylakh,RU,12/4/2021 4:12,71.9167,114.0833,-16.51,97,100,13.53,overcast clouds
161,Los Llanos De Aridane,ES,12/4/2021 4:12,28.6585,-17.9182,62.35,66,75,11.99,broken clouds
162,Mar Del Plata,AR,12/4/2021 4:08,-38.0023,-57.5575,59.09,83,100,3,overcast clouds
163,Yandyki,RU,12/4/2021 4:12,45.7691,47.1258,44.85,91,45,11.41,scattered clouds
164,Fortuna,US,12/4/2021 4:12,40.5982,-124.1573,50.94,95,90,1.01,overcast clouds
165,Caiaponia,BR,12/4/2021 4:12,-16.9567,-51.8103,71.91,82,91,1.74,overcast clouds
166,Jodhpur,IN,12/4/2021 4:09,26.2867,73.03,69.93,39,0,8.37,clear sky
167,Port Alfred,ZA,12/4/2021 4:12,-33.5906,26.891,66.15,78,100,4.56,overcast clouds
168,Aguacatan,GT,12/4/2021 4:12,15.3431,-91.3117,56.01,96,38,1.77,scattered clouds
169,Pouembout,NC,12/4/2021 4:12,-21.1333,164.9,81.88,71,80,2.06,broken clouds
170,Cidreira,BR,12/4/2021 4:06,-30.1811,-50.2056,68.45,81,49,19.28,scattered clouds
171,Carutapera,BR,12/4/2021 4:12,-1.195,-46.02,76.28,92,99,4.65,overcast clouds
172,Geraldton,AU,12/4/2021 4:12,-28.7667,114.6,99.01,15,0,18.41,clear sky
173,Amapa,BR,12/4/2021 4:12,1,-52,70.9,99,67,2.37,broken clouds
174,Bilibino,RU,12/4/2021 4:12,68.0546,166.4372,-21.69,98,100,7.4,overcast clouds
175,Tessalit,ML,12/4/2021 4:12,20.1986,1.0114,63.54,22,33,10.63,scattered clouds
176,Kodiak,US,12/4/2021 4:09,57.79,-152.4072,9.91,85,1,5.75,clear sky
177,Antofagasta,CL,12/4/2021 4:12,-23.65,-70.4,61.88,77,23,5.19,few clouds
178,Adrar,MR,12/4/2021 4:13,20.5022,-10.0711,63.52,21,100,10.16,overcast clouds
179,Verkhnyaya Inta,RU,12/4/2021 4:13,65.9811,60.3094,-24.99,99,22,1.88,few clouds
180,Kaitangata,NZ,12/4/2021 4:13,-46.2817,169.8464,61.3,94,100,5.61,overcast clouds
181,Necochea,AR,12/4/2021 4:13,-38.5473,-58.7368,49.03,85,57,7.74,broken clouds
182,Codrington,AU,12/4/2021 4:09,-38.2667,141.9667,62.98,59,61,13.82,broken clouds
183,Puerto Ayora,EC,12/4/2021 4:13,-0.7393,-90.3518,67.53,92,52,6.29,broken clouds
184,Berezovyy,RU,12/4/2021 4:13,51.6667,135.7,5.23,69,1,3.78,clear sky
185,Bendigo,AU,12/4/2021 4:13,-36.7667,144.2833,76.86,37,2,7,clear sky
186,Santa Barbara,US,12/4/2021 4:13,34.7333,-120.0343,50.34,94,75,4.61,mist
187,Owando,CG,12/4/2021 4:13,-0.4819,15.8999,70.32,95,100,3.15,overcast clouds
188,Praia,CV,12/4/2021 4:13,14.9215,-23.5087,72.14,78,20,20.71,few clouds
189,Hambantota,LK,12/4/2021 4:13,6.1241,81.1185,81.81,75,89,2.71,overcast clouds
190,Carnarvon,AU,12/4/2021 4:13,-24.8667,113.6333,80.67,61,0,11.5,clear sky
191,Angoche,MZ,12/4/2021 4:13,-16.2325,39.9086,77.79,82,5,7.27,clear sky
192,Zyryanka,RU,12/4/2021 4:12,65.75,150.85,-22.85,95,95,7.76,overcast clouds
193,Vao,NC,12/4/2021 4:07,-22.6667,167.4833,77.22,78,80,12.41,broken clouds
194,Borovoy,RU,12/4/2021 4:13,55.4333,86.0833,27.68,74,40,15.66,light shower snow
195,Kongolo,CD,12/4/2021 4:13,-5.3833,27,68.25,96,100,1.19,overcast clouds
196,Kambove,CD,12/4/2021 4:13,-10.8764,26.5969,60.67,87,3,1.99,clear sky
197,Atar,MR,12/4/2021 4:13,20.5169,-13.0499,66.45,27,100,7.38,overcast clouds
198,Inirida,CO,12/4/2021 4:13,3.8653,-67.9239,73.06,94,100,0.81,overcast clouds
199,Klyuchi,RU,12/4/2021 4:13,52.2667,79.1667,24.22,84,90,14.5,overcast clouds
200,Normandin,CA,12/4/2021 4:13,48.8333,-72.5321,8.71,79,50,9.89,scattered clouds
201,Arraial Do Cabo,BR,12/4/2021 4:11,-22.9661,-42.0278,70.86,78,3,1.61,clear sky
202,Caravelas,BR,12/4/2021 4:13,-17.7125,-39.2481,72.01,92,69,3.96,broken clouds
203,San Cristobal,VE,12/4/2021 4:13,7.7669,-72.225,71.78,87,94,1.61,overcast clouds
204,Santa Cruz De La Palma,ES,12/4/2021 4:13,28.6835,-17.7642,66.34,63,75,10.36,broken clouds
205,Kudahuvadhoo,MV,12/4/2021 4:13,2.6708,72.8944,82.51,76,31,10.49,scattered clouds
206,Bathsheba,BB,12/4/2021 4:09,13.2167,-59.5167,81.21,78,40,11.5,scattered clouds
207,Manzanillo,CU,12/4/2021 4:13,20.3433,-77.1167,72.39,90,47,10.31,scattered clouds
208,Mehamn,NO,12/4/2021 4:13,71.0357,27.8492,18.52,80,46,10.45,scattered clouds
209,Lewisporte,CA,12/4/2021 4:13,49.2499,-55.0482,40.55,69,100,22.7,overcast clouds
210,Bredasdorp,ZA,12/4/2021 4:13,-34.5322,20.0403,57.27,75,100,10.29,overcast clouds
211,Kungurtug,RU,12/4/2021 4:13,50.5994,97.5228,17.69,63,99,0.74,overcast clouds
212,Vangaindrano,MG,12/4/2021 4:13,-23.35,47.6,76.41,85,79,7.05,light rain
213,Hervey Bay,AU,12/4/2021 4:13,-25.2986,152.8535,86.11,60,0,5.01,clear sky
214,Ninove,BE,12/4/2021 4:13,50.8284,4.0047,41.49,96,100,5.41,overcast clouds
215,Timizart,DZ,12/4/2021 4:13,36.8,4.2667,46.38,78,57,6.04,broken clouds
216,Srednekolymsk,RU,12/4/2021 4:13,67.45,153.6833,-14.84,97,100,12.64,overcast clouds
217,Dharchula,IN,12/4/2021 4:13,29.85,80.5333,66.25,33,0,1.14,clear sky
218,Luderitz,NA,12/4/2021 4:13,-26.6481,15.1594,60.42,78,80,12.68,broken clouds
219,Dingle,PH,12/4/2021 4:14,10.9995,122.6711,81.48,75,94,14.58,overcast clouds
220,Arman,RU,12/4/2021 4:14,59.7,150.1667,2.01,89,99,10.13,overcast clouds
221,Sao Geraldo Do Araguaia,BR,12/4/2021 4:14,-6.4006,-48.555,72.5,97,95,2.71,overcast clouds
222,Mount Gambier,AU,12/4/2021 4:14,-37.8333,140.7667,63.45,57,83,9.62,broken clouds
223,Ipixuna,BR,12/4/2021 4:14,-1.7625,-48.8043,76.95,93,100,2.82,moderate rain
224,Basco,PH,12/4/2021 4:14,20.4487,121.9702,72.66,61,81,27.96,broken clouds
225,Krasnoarmeysk,RU,12/4/2021 4:14,51.0239,45.6969,37.08,85,82,19.84,broken clouds
226,Celestun,MX,12/4/2021 4:14,20.8667,-90.4,76.14,76,93,12.21,overcast clouds
227,Hamilton,US,12/4/2021 4:12,39.1834,-84.5333,48.04,71,1,0,clear sky
228,Kahului,US,12/4/2021 4:14,20.8947,-156.47,73.42,84,90,19.57,light rain
229,Dali,CN,12/4/2021 4:14,25.7,100.1833,57.34,63,64,1.92,broken clouds
230,Farrukhnagar,IN,12/4/2021 4:14,17.0778,78.2011,74.91,46,97,7.61,overcast clouds
231,Paamiut,GL,12/4/2021 4:14,61.994,-49.6678,36.52,71,100,36.51,light rain
232,Dikson,RU,12/4/2021 4:14,73.5069,80.5464,-21.78,96,70,10.92,broken clouds
233,Thinadhoo,MV,12/4/2021 4:14,0.5333,72.9333,82.17,77,47,12.06,scattered clouds
234,Sept-Iles,CA,12/4/2021 4:05,50.2001,-66.3821,23.05,76,74,11.99,broken clouds
235,Camana,PE,12/4/2021 4:10,-16.6228,-72.7111,67.28,84,97,7.07,overcast clouds
236,Talcahuano,CL,12/4/2021 4:14,-36.7167,-73.1167,53.28,82,0,10.36,clear sky
237,Bristol,US,12/4/2021 4:14,41.8334,-71.1662,34.03,65,1,3,clear sky
238,Ushtobe,KZ,12/4/2021 4:14,45.2514,77.9838,44.15,67,100,4.72,light rain
239,Cumpas,MX,12/4/2021 4:14,29.9833,-109.7833,59.2,29,0,1.61,clear sky
240,Pimentel,PE,12/4/2021 4:14,-6.8367,-79.9342,65.1,88,48,12.86,scattered clouds
241,Quatre Cocos,MU,12/4/2021 4:14,-20.2078,57.7625,82.09,72,12,11.9,few clouds
242,Beloha,MG,12/4/2021 4:14,-25.1667,45.05,82.27,39,0,3.98,clear sky
243,Matara,LK,12/4/2021 4:14,5.9485,80.5353,83.39,71,79,0.67,broken clouds
244,Sitka,US,12/4/2021 4:14,57.0531,-135.33,26.49,80,20,3.44,few clouds
245,Kuusamo,FI,12/4/2021 4:14,65.9667,29.1833,12.24,92,75,4.61,light shower snow
246,Pacific Grove,US,12/4/2021 4:13,36.6177,-121.9166,55.08,84,41,1.99,scattered clouds
247,Coos Bay,US,12/4/2021 4:14,43.3665,-124.2179,50.02,96,1,5.75,clear sky
248,Wenatchee,US,12/4/2021 4:14,47.4235,-120.3103,42.22,59,1,3,clear sky
249,Kieta,PG,12/4/2021 4:13,-6.2167,155.6333,83.98,75,98,2.17,light rain
250,Ilulissat,GL,12/4/2021 4:14,69.2167,-51.1,12.22,57,75,26.46,broken clouds
251,Kusti,SD,12/4/2021 4:14,13.1629,32.6635,76.84,33,0,10.29,clear sky
252,Ostrovnoy,RU,12/4/2021 4:14,68.0531,39.5131,19.85,79,100,3.67,overcast clouds
253,Hobyo,SO,12/4/2021 4:14,5.3505,48.5268,80.06,65,22,18.19,few clouds
254,Santa Ana,US,12/4/2021 4:13,33.7456,-117.8678,59.99,85,1,0,mist
255,Ewa Beach,US,12/4/2021 4:14,21.3156,-158.0072,70.68,64,75,15.01,broken clouds
256,Melfi,IT,12/4/2021 4:14,40.9965,15.6514,40.5,84,79,4.65,broken clouds
257,Farafangana,MG,12/4/2021 4:14,-22.8167,47.8333,77.34,83,49,7.67,light rain
258,Nykoping,SE,12/4/2021 4:14,58.753,17.0079,21.49,100,75,4.61,broken clouds
259,Riacho De Santana,BR,12/4/2021 4:14,-13.6092,-42.9389,68.85,95,100,1.72,overcast clouds
260,Salym,RU,12/4/2021 4:14,60.0625,71.4789,15.31,92,73,8.23,broken clouds
261,Salalah,OM,12/4/2021 4:15,17.0151,54.0924,75.29,41,0,5.75,clear sky
262,Pangnirtung,CA,12/4/2021 4:15,66.1451,-65.7125,13.71,73,100,8.86,overcast clouds
263,Grindavik,IS,12/4/2021 4:15,63.8424,-22.4338,28.87,100,82,6.91,fog
264,Mbanza-Ngungu,CD,12/4/2021 4:15,-5.25,14.8667,68,99,99,3.27,light rain
265,Bereda,ES,12/4/2021 4:15,43.2686,-7.5406,53.35,100,99,8.52,light rain
266,Rawson,AR,12/4/2021 4:10,-43.3002,-65.1023,58.37,57,4,23.91,clear sky
267,Anjozorobe,MG,12/4/2021 4:15,-18.4,47.8667,66.52,83,82,6.73,broken clouds
268,Clarence Town,AU,12/4/2021 4:15,-32.5833,151.7833,71.98,71,100,8.3,overcast clouds
269,Heishan,CN,12/4/2021 4:15,41.6892,122.1128,29.93,32,2,4.61,clear sky
270,Nelson Bay,AU,12/4/2021 4:15,-32.7167,152.15,72.1,84,100,4,overcast clouds
271,San Policarpo,PH,12/4/2021 4:15,12.1791,125.5072,79.61,75,100,18.3,overcast clouds
272,Bilma,NE,12/4/2021 4:15,18.6853,12.9164,66.07,21,3,6.13,clear sky
273,Paraiso,CR,12/4/2021 4:15,9.8383,-83.8656,66.42,100,98,5.17,overcast clouds
274,Dabou,CI,12/4/2021 4:15,5.3256,-4.3769,82.2,87,100,5.61,overcast clouds
275,Coihaique,CL,12/4/2021 4:15,-45.5752,-72.0662,48.81,71,0,2.3,clear sky
276,Hasaki,JP,12/4/2021 4:15,35.7333,140.8333,61.09,48,0,5.5,clear sky
277,Nyirlugos,HU,12/4/2021 4:15,47.6932,22.0448,20.59,69,4,4.43,clear sky
278,Laguna,US,12/4/2021 4:15,38.421,-121.4238,60.01,97,1,0,mist
279,Tapes,BR,12/4/2021 4:14,-30.6733,-51.3958,68.65,79,67,16.73,broken clouds
280,Sao Felix Do Xingu,BR,12/4/2021 4:15,-6.6447,-51.995,71.56,99,99,1.52,overcast clouds
281,Yajalon,MX,12/4/2021 4:15,17.2333,-92.3333,64.17,99,26,2.37,scattered clouds
282,Sijunjung,ID,12/4/2021 4:15,-0.6876,100.9537,85.19,64,100,3.02,overcast clouds
283,Aktash,RU,12/4/2021 4:12,50.3,87.7333,15.75,87,75,4.09,broken clouds
284,Severo-Kurilsk,RU,12/4/2021 4:15,50.6789,156.125,38.79,97,100,16.2,moderate rain
285,Alugan,PH,12/4/2021 4:15,12.2188,125.4808,79.34,75,100,17.43,overcast clouds
286,Havelock,US,12/4/2021 4:10,34.8791,-76.9013,51.78,84,0,6.15,clear sky
287,Bridlington,GB,12/4/2021 4:15,54.0831,-0.1919,44.29,90,100,15.48,light rain
288,Solina,BA,12/4/2021 4:15,44.5603,18.6947,29.44,100,20,2.3,mist
289,Ulaangom,MN,12/4/2021 4:11,49.9811,92.0667,11.05,84,94,1.5,overcast clouds
290,Rupert,US,12/4/2021 4:15,42.6191,-113.6772,39.09,75,1,3.44,clear sky
291,Alta Floresta,BR,12/4/2021 4:15,-9.8756,-56.0861,70.95,99,100,3.49,moderate rain
292,Saldanha,ZA,12/4/2021 4:15,-33.0117,17.9442,60.85,80,96,16.11,overcast clouds
293,Mangrol,IN,12/4/2021 4:15,21.1167,70.1167,74.59,51,15,8.19,few clouds
294,Saint George,US,12/4/2021 4:14,37.1041,-113.5841,59.34,37,1,1.01,clear sky
295,Caruray,PH,12/4/2021 4:15,10.3094,119.0128,83.62,72,100,10.07,overcast clouds
296,Njombe,TZ,12/4/2021 4:15,-9.3333,34.7667,56.84,87,100,5.82,overcast clouds
297,Saint-Augustin,CA,12/4/2021 4:15,51.226,-58.6502,21.43,81,100,29.44,snow
298,Palana,RU,12/4/2021 4:15,59.1167,159.9667,21.99,87,100,6.17,overcast clouds
299,Isangel,VU,12/4/2021 4:15,-19.55,169.2667,87.91,62,75,11.5,broken clouds
300,Mantua,IT,12/4/2021 4:15,45.1667,10.7833,42.69,88,100,2.51,overcast clouds
301,Shirokiy,RU,12/4/2021 4:15,49.758,129.523,-3.39,83,25,6.22,scattered clouds
302,Eureka,US,12/4/2021 4:12,40.8021,-124.1637,51.21,96,23,4.5,few clouds
303,Diego De Almagro,CL,12/4/2021 4:06,-26.3667,-70.05,62.67,36,7,0.54,clear sky
304,Wattegama,LK,12/4/2021 4:16,6.7989,81.4808,82.87,71,54,2.8,broken clouds
305,Sinnamary,GF,12/4/2021 4:16,5.3833,-52.95,76.46,91,67,7.56,light rain
306,Payakumbuh,ID,12/4/2021 4:16,-0.2202,100.6308,82.47,63,100,3.49,overcast clouds
307,Kavieng,PG,12/4/2021 4:16,-2.5744,150.7967,84.76,69,75,7.27,broken clouds
308,Chaman,PK,12/4/2021 4:16,30.9236,66.4512,56.23,21,6,4.38,clear sky
309,Chuy,UY,12/4/2021 4:16,-33.6971,-53.4616,59.65,87,46,5.7,scattered clouds
310,Naze,JP,12/4/2021 4:16,28.3667,129.4833,59.92,60,40,19.37,scattered clouds
311,Port Shepstone,ZA,12/4/2021 4:16,-30.7414,30.455,68.99,81,100,6.76,overcast clouds
312,Lar,IN,12/4/2021 4:16,26.2039,83.9717,73.71,48,82,2.15,broken clouds
313,Sortavala,RU,12/4/2021 4:16,61.7053,30.6918,14.02,82,100,14.65,overcast clouds
314,Greenwood,US,12/4/2021 4:16,34.1668,-82.1165,63.1,66,1,8.05,clear sky
315,Taltal,CL,12/4/2021 4:16,-25.4,-70.4833,63.16,74,14,0.63,few clouds
316,Aguilas,ES,12/4/2021 4:16,37.4063,-1.5829,54.34,51,0,5.95,clear sky
317,Le Havre,FR,12/4/2021 4:16,49.4938,0.1077,52.52,96,90,3.44,fog
318,Sao Gabriel Da Cachoeira,BR,12/4/2021 4:14,-0.1303,-67.0892,72.77,99,100,1.54,moderate rain
319,Krasnyy Chikoy,RU,12/4/2021 4:16,50.3643,108.7512,23.63,68,29,2.06,scattered clouds
320,Krasnozerskoye,RU,12/4/2021 4:16,53.9828,79.2374,20.93,94,100,15.41,overcast clouds
321,Marsabit,KE,12/4/2021 4:16,2.3284,37.9899,63.5,87,10,13.56,clear sky
322,Inverell,AU,12/4/2021 4:16,-29.7833,151.1167,84.22,44,30,9.57,light rain
323,Matay,EG,12/4/2021 4:16,28.419,30.7792,55.11,61,81,1.83,broken clouds
324,Nemencine,LT,12/4/2021 4:16,54.85,25.4833,30.72,97,99,5.75,light snow
325,Kavaratti,IN,12/4/2021 4:16,10.5669,72.642,81.3,74,98,1.66,overcast clouds
326,Luanda,AO,12/4/2021 4:16,-8.8368,13.2343,76.37,85,100,5.46,light rain
327,Zakamensk,RU,12/4/2021 4:16,50.3741,103.2863,19.8,50,64,3.98,broken clouds
328,Kpandu,GH,12/4/2021 4:16,6.9954,0.2931,76.19,89,100,6.24,overcast clouds
329,Monte Alegre,BR,12/4/2021 4:16,-2.0078,-54.0692,74.34,92,96,2.17,moderate rain
330,Itarema,BR,12/4/2021 4:16,-2.9248,-39.9167,80.19,80,81,12.28,broken clouds
331,Sorland,NO,12/4/2021 4:12,67.667,12.6934,31.28,56,55,25.52,broken clouds
332,Karratha,AU,12/4/2021 4:16,-20.7377,116.8463,101.14,25,32,12.41,scattered clouds
333,Aksarka,RU,12/4/2021 4:16,66.5606,67.7975,-9.04,97,100,8.59,overcast clouds
334,Karwar,IN,12/4/2021 4:16,14.8,74.1333,79.43,77,57,2.24,broken clouds
335,Manakara,MG,12/4/2021 4:16,-22.1333,48.0167,77.36,82,43,5.21,light rain
336,Eyl,SO,12/4/2021 4:16,7.9803,49.8164,75.09,64,2,14.94,clear sky
337,Ler,SS,12/4/2021 4:16,8.3018,30.1418,75.79,39,33,4.23,scattered clouds
338,Simoes,BR,12/4/2021 4:16,-7.5989,-40.8178,77.52,62,95,5.14,overcast clouds
339,Mae Sot,TH,12/4/2021 4:16,16.7167,98.5667,78.75,47,20,10.36,few clouds
340,Canico,PT,12/4/2021 4:16,32.6333,-16.85,65.03,78,75,1.99,broken clouds
341,Ahuimanu,US,12/4/2021 4:16,21.4447,-157.8378,70.45,67,75,14.97,broken clouds
342,Ixtapa,MX,12/4/2021 4:16,20.7,-105.2,77.23,88,11,1.54,few clouds
343,Mahajanga,MG,12/4/2021 4:13,-15.7167,46.3167,80.53,63,4,8.14,clear sky
344,Presidencia Roque Saenz Pena,AR,12/4/2021 4:17,-26.7852,-60.4388,69.73,63,57,7.11,light rain
345,Koberice,CZ,12/4/2021 4:17,49.9855,18.0521,32.04,89,93,13.53,overcast clouds
346,Sao Jose Da Coroa Grande,BR,12/4/2021 4:17,-8.8978,-35.1478,77.83,85,32,9.15,scattered clouds
347,Maldonado,UY,12/4/2021 4:17,-34.6667,-54.9167,63.79,88,75,4.88,broken clouds
348,Nizhniy Kuranakh,RU,12/4/2021 4:12,58.8353,125.4869,10.31,92,100,5.86,light snow
349,Khorramshahr,IR,12/4/2021 4:17,30.4397,48.1664,44.56,65,2,4.61,clear sky
350,Buala,SB,12/4/2021 4:17,-8.145,159.5921,83.84,75,100,2.64,light rain
351,Lata,PT,12/4/2021 4:17,40.1629,-8.3327,53.04,91,100,2.98,overcast clouds
352,Ndele,CF,12/4/2021 4:17,8.4109,20.6473,74.71,40,51,3.29,broken clouds
353,Xiuyan,CN,12/4/2021 4:17,40.2928,123.2744,34.29,29,0,7.54,clear sky
354,Flinders,AU,12/4/2021 4:17,-34.5833,150.8552,69.19,77,97,13.56,overcast clouds
355,Roswell,US,12/4/2021 4:14,34.0232,-84.3616,60.58,76,1,0,clear sky
356,Maarianhamina,AX,12/4/2021 4:17,60.0973,19.9348,22.86,93,90,6.91,overcast clouds
357,Villaviciosa,ES,12/4/2021 4:17,43.4813,-5.4357,60.01,69,34,10.27,scattered clouds
358,Lilongwe,MW,12/4/2021 4:17,-13.9669,33.7873,70,68,0,6.91,clear sky
359,Bisira,PA,12/4/2021 4:17,8.5196,-81.7115,59.58,96,87,5.93,overcast clouds
360,Eruwa,NG,12/4/2021 4:17,7.5333,3.4167,74.17,91,100,2.04,overcast clouds
361,Camopi,GF,12/4/2021 4:17,3.1655,-52.3158,71.1,99,96,1.59,overcast clouds
362,Ilebo,CD,12/4/2021 4:17,-4.3167,20.5833,69.48,99,100,1.07,overcast clouds
363,Tromso,NO,12/4/2021 4:17,69.6496,18.957,21.22,45,0,6.91,clear sky
364,Ducheng,CN,12/4/2021 4:17,23.2373,111.5317,69.57,25,30,3.27,scattered clouds
365,La Seyne-Sur-Mer,FR,12/4/2021 4:17,43.0982,5.8847,51.93,86,100,5.01,overcast clouds
366,Atambua,ID,12/4/2021 4:17,-9.1061,124.8925,79.77,72,100,2.62,overcast clouds
367,Ghansor,IN,12/4/2021 4:17,22.65,79.95,65.28,41,65,6.38,broken clouds
368,Gulbarga,IN,12/4/2021 4:17,17.3333,76.8333,76.1,52,100,7.4,overcast clouds
369,Zhangye,CN,12/4/2021 4:17,38.9342,100.4517,38.1,28,0,5.84,clear sky
370,Kiama,AU,12/4/2021 4:17,-34.6833,150.8667,69.39,79,99,1.01,overcast clouds
371,Rokytne,UA,12/4/2021 4:17,51.2796,27.214,27.91,83,49,6.8,scattered clouds
372,Saint Anthony,US,12/4/2021 4:17,45.0205,-93.218,33.93,75,1,3,clear sky
373,Torbay,CA,12/4/2021 4:17,47.6666,-52.7314,42.67,86,40,27.63,scattered clouds
374,Santiago,CL,12/4/2021 4:17,-33.4569,-70.6483,66.85,42,0,6.91,clear sky
375,Ormara,PK,12/4/2021 4:17,25.2088,64.6357,72.25,60,0,4.09,clear sky
376,Bastia,FR,12/4/2021 4:17,42.6667,9.3333,51.6,65,0,1.99,clear sky
377,Nago,JP,12/4/2021 4:17,26.5881,127.9761,70.23,49,62,16.22,broken clouds
378,Kalabo,ZM,12/4/2021 4:17,-14.97,22.6814,70.93,65,8,3.38,clear sky
379,Mercedes,AR,12/4/2021 4:17,-34.6515,-59.4307,68.85,62,98,8.19,light rain
380,Nemuro,JP,12/4/2021 4:17,43.3236,145.575,41.43,76,100,7.54,overcast clouds
381,Arrifes,PT,12/4/2021 4:17,37.7667,-25.7,58.23,88,75,4.61,broken clouds
382,Meadow Lake,US,12/4/2021 4:17,34.8014,-106.5436,52.59,35,2,3.87,clear sky
383,Prince Rupert,CA,12/4/2021 4:15,54.3161,-130.3201,38.89,85,90,8.05,light rain
384,Kirakira,SB,12/4/2021 4:17,-10.4544,161.9205,83.88,75,99,0.54,overcast clouds
385,Inhambane,MZ,12/4/2021 4:18,-23.865,35.3833,77.63,91,80,4.05,broken clouds
386,Vardo,NO,12/4/2021 4:18,70.3705,31.1107,25.66,76,98,10.94,overcast clouds
387,Kailua,US,12/4/2021 4:18,21.4022,-157.7394,70.74,72,82,21.56,broken clouds
388,Lompoc,US,12/4/2021 4:18,34.6391,-120.4579,55.08,82,90,0,overcast clouds
389,Qaqortoq,GL,12/4/2021 4:18,60.7167,-46.0333,21.7,61,100,15.82,snow
390,Noumea,NC,12/4/2021 4:14,-22.2763,166.4572,84,99,90,1.1,light rain
391,Abaetetuba,BR,12/4/2021 4:18,-1.7181,-48.8825,77.04,90,100,4.05,light rain
392,Mangan,IN,12/4/2021 4:18,27.5167,88.5333,71.13,67,68,5.82,broken clouds
393,Oistins,BB,12/4/2021 4:14,13.0667,-59.5333,80.69,78,40,11.5,scattered clouds
394,Lincoln,US,12/4/2021 4:18,40.8,-96.667,45.84,71,90,1.99,overcast clouds
395,Rio Gallegos,AR,12/4/2021 4:18,-51.6226,-69.2181,53.65,50,0,9.22,clear sky
396,Vestmannaeyjar,IS,12/4/2021 4:18,63.4427,-20.2734,33.28,78,68,12.33,broken clouds
397,Shingu,JP,12/4/2021 4:18,33.7333,135.9833,52.79,54,4,15.08,clear sky
398,Intibuca,HN,12/4/2021 4:18,14.3167,-88.1667,56.07,94,93,5.82,overcast clouds
399,Bethel,US,12/4/2021 4:18,41.3712,-73.414,37.04,66,1,0,clear sky
400,Jumla,NP,12/4/2021 4:18,29.2747,82.1838,53.74,53,3,1.81,clear sky
401,Vanimo,PG,12/4/2021 4:18,-2.6741,141.3028,83.16,82,100,8.72,overcast clouds
402,Mogadishu,SO,12/4/2021 4:18,2.0371,45.3438,80.06,72,15,13.78,few clouds
403,Holiday,US,12/4/2021 4:18,28.1878,-82.7395,63.14,96,84,2.77,broken clouds
404,Fare,PF,12/4/2021 4:18,-16.7,-151.0167,81.39,68,70,17.76,broken clouds
405,Winnemucca,US,12/4/2021 4:14,40.973,-117.7357,30.25,80,1,3.44,clear sky
406,Sola,VU,12/4/2021 4:18,-13.8833,167.55,82.2,72,54,12.48,broken clouds
407,Santa Fe,AR,12/4/2021 4:14,-31.6333,-60.7,74.01,53,47,5.01,light rain
408,Llanes,ES,12/4/2021 4:18,43.4198,-4.7549,49.86,68,18,11.32,few clouds
409,Boa Vista,BR,12/4/2021 4:18,2.8197,-60.6733,78.78,73,0,5.75,clear sky
410,Humboldt,US,12/4/2021 4:18,40.6665,-123.9178,42.13,91,14,2.3,few clouds
411,Chicama,PE,12/4/2021 4:18,-7.8447,-79.1469,61.34,81,98,5.88,overcast clouds
412,Flin Flon,CA,12/4/2021 4:15,54.7682,-101.865,4.28,93,100,4.27,overcast clouds
413,Shelui,TZ,12/4/2021 4:18,-4.3667,34.2,68.52,66,17,5.57,few clouds
414,Bismarck,US,12/4/2021 4:15,46.8083,-100.7837,30.81,58,40,3.44,scattered clouds
415,Okha,RU,12/4/2021 4:18,53.5739,142.9478,15.53,85,100,12.48,light snow
416,Tyler,US,12/4/2021 4:18,32.3513,-95.3011,69.4,93,75,1.01,broken clouds
417,Altamira,BR,12/4/2021 4:17,-3.2033,-52.2064,74.01,97,100,1.21,overcast clouds
418,Gat,IL,12/4/2021 4:18,31.61,34.7642,59.4,60,100,2.91,overcast clouds
419,Macia,MZ,12/4/2021 4:18,-25.0269,33.0989,75.96,87,100,5.99,overcast clouds
420,Port Hardy,CA,12/4/2021 4:15,50.6996,-127.4199,39.2,100,90,3.44,overcast clouds
421,Altay,CN,12/4/2021 4:18,47.8667,88.1167,27.68,84,100,2.82,overcast clouds
422,Solnechnyy,RU,12/4/2021 4:18,50.7214,136.6319,5.76,78,38,4.59,scattered clouds
423,Progreso,MX,12/4/2021 4:18,21.2833,-89.6667,75.31,74,88,11.68,overcast clouds
424,Ibirapitanga,BR,12/4/2021 4:18,-14.1642,-39.3736,70.86,100,99,1.83,overcast clouds
425,Ferrenafe,PE,12/4/2021 4:19,-6.6389,-79.7889,65.5,76,47,9.26,scattered clouds
426,Henties Bay,NA,12/4/2021 4:19,-22.116,14.2845,58.86,91,0,6.22,clear sky
427,Vulcan,RO,12/4/2021 4:19,45.3833,23.2667,32.59,97,100,0.38,light snow
428,Cap Malheureux,MU,12/4/2021 4:15,-19.9842,57.6142,82.89,66,16,8.99,few clouds
429,Knysna,ZA,12/4/2021 4:19,-34.0363,23.0471,59.38,77,100,4.9,overcast clouds
430,Denpasar,ID,12/4/2021 4:14,-8.65,115.2167,87.46,74,20,6.91,few clouds
431,Dodge City,US,12/4/2021 4:16,37.7528,-100.0171,45.23,67,1,9.22,clear sky
432,Komsomolskiy,UZ,12/4/2021 4:18,40.4272,71.7189,43.52,49,100,2.3,overcast clouds
433,Itaqui,BR,12/4/2021 4:19,-29.1253,-56.5531,69.46,61,75,15.26,broken clouds
434,Aswan,EG,12/4/2021 4:19,24.0934,32.907,58.3,47,0,6.91,clear sky
435,Chapais,CA,12/4/2021 4:19,49.7834,-74.8492,1.18,96,100,8.03,overcast clouds
436,Luganville,VU,12/4/2021 4:19,-15.5333,167.1667,83.7,72,59,8.28,broken clouds
437,Mandalgovi,MN,12/4/2021 4:19,45.7625,106.2708,26.33,20,0,14,clear sky
438,Avera,US,12/4/2021 4:19,33.194,-82.5271,65.71,54,100,6.6,overcast clouds
439,Ayan,RU,12/4/2021 4:19,56.45,138.1667,-0.4,69,12,6.62,few clouds
440,Port Blair,IN,12/4/2021 4:19,11.6667,92.75,81.55,78,77,11.39,broken clouds
441,Comacchio,IT,12/4/2021 4:19,44.6975,12.1858,37.74,61,86,2.84,overcast clouds
442,Tecoanapa,MX,12/4/2021 4:19,16.5167,-98.75,76.37,77,36,4.79,scattered clouds
443,Zharkent,KZ,12/4/2021 4:19,44.1628,80,42.62,36,98,3.96,overcast clouds
444,Liberal,US,12/4/2021 4:19,37.0431,-100.921,45.63,70,1,9.22,clear sky
445,Martapura,ID,12/4/2021 4:19,-3.4167,114.85,82.49,83,40,6.91,scattered clouds
446,Baykit,RU,12/4/2021 4:19,61.67,96.37,20.59,87,100,12.39,overcast clouds
447,Havoysund,NO,12/4/2021 4:19,70.9963,24.6622,18.48,83,49,13.82,scattered clouds
448,Tignere,CM,12/4/2021 4:19,7.3667,12.65,66.22,39,70,1.01,broken clouds
449,Vila Do Maio,CV,12/4/2021 4:19,15.1333,-23.2167,72.39,72,99,18.48,overcast clouds
450,Griffin,US,12/4/2021 4:15,33.2468,-84.2641,61,84,1,4.61,clear sky
451,Bulgan,MN,12/4/2021 4:19,48.8125,103.5347,26.02,30,7,4.81,clear sky
452,Payo,ID,12/4/2021 4:19,-3.7508,103.6372,81.57,79,100,3.6,overcast clouds
453,La Paz,BO,12/4/2021 4:18,-16.5,-68.15,42.78,100,75,8.05,fog
454,Mabaruma,GY,12/4/2021 4:19,8.2,-59.7833,72.19,98,86,2.08,overcast clouds
455,Champerico,GT,12/4/2021 4:19,14.3,-91.9167,75.76,76,10,4.21,clear sky
456,Shimoda,JP,12/4/2021 4:19,34.6667,138.95,57.56,58,0,28.12,clear sky
457,Vanersborg,SE,12/4/2021 4:19,58.3807,12.3234,25.77,86,90,9.22,overcast clouds
458,Tigil,RU,12/4/2021 4:19,57.8,158.6667,26.2,97,100,7.67,light snow
459,Portland,US,12/4/2021 4:15,45.5234,-122.6762,42.6,90,40,0,scattered clouds
460,Lagoa,PT,12/4/2021 4:18,39.05,-27.9833,63.97,86,100,12.24,overcast clouds
461,San Quintin,MX,12/4/2021 4:19,30.4833,-115.95,58.35,87,76,8.77,broken clouds
462,Pahrump,US,12/4/2021 4:19,36.2083,-115.9839,57.18,27,0,2.13,clear sky
463,Marsa Matruh,EG,12/4/2021 4:20,31.3525,27.2453,59.2,55,0,9.22,clear sky
464,Lavumisa,SZ,12/4/2021 4:20,-27.31,31.892,69.4,94,100,1.34,overcast clouds
465,Zaria,NG,12/4/2021 4:20,11.1113,7.7227,64.31,30,73,6.73,broken clouds
466,Buchanan,LR,12/4/2021 4:20,5.8808,-10.0467,78.76,89,87,6.87,light rain
467,Marmande,FR,12/4/2021 4:20,44.5,0.1667,54.75,100,100,17.49,light rain
468,Muroto,JP,12/4/2021 4:20,33.2833,134.15,55.44,50,3,15.68,clear sky
469,Chumikan,RU,12/4/2021 4:20,54.7183,135.315,-3.87,86,11,16.51,few clouds
470,Tame,CO,12/4/2021 4:20,6.461,-71.73,73.54,72,78,4.88,broken clouds
471,Kousseri,CM,12/4/2021 4:20,12.0769,15.0306,67.96,32,9,4.61,clear sky
472,Svogerslev,DK,12/4/2021 4:20,55.6342,12.0147,40.71,96,32,8.05,scattered clouds
473,Jacareacanga,BR,12/4/2021 4:20,-6.2222,-57.7528,73.06,99,100,0.27,heavy intensity rain
474,Oriximina,BR,12/4/2021 4:20,-1.7656,-55.8661,73.76,97,68,1.83,broken clouds
475,Natal,BR,12/4/2021 4:16,-5.795,-35.2094,80.82,89,40,6.91,scattered clouds
476,Birjand,IR,12/4/2021 4:20,32.8663,59.2211,41.47,81,40,9.22,scattered clouds
477,Krasnoselkup,RU,12/4/2021 4:20,65.7,82.4667,-20.13,94,95,8.81,overcast clouds
478,Port-Gentil,GA,12/4/2021 4:20,-0.7193,8.7815,79.32,80,99,4.47,overcast clouds
479,Notre-Dame-Du-Lac,CA,12/4/2021 4:20,47.6136,-68.7964,17.94,77,53,10.92,broken clouds
480,Yanam,IN,12/4/2021 4:20,16.7333,82.2167,84.6,60,100,3.24,overcast clouds
481,Werda,BW,12/4/2021 4:20,-25.2667,23.2833,68.65,77,97,11.05,light rain
482,Surt,LY,12/4/2021 4:20,31.2089,16.5887,57.63,64,13,21.88,few clouds
483,Souillac,MU,12/4/2021 4:20,-20.5167,57.5167,83.35,69,40,10.36,scattered clouds
484,Narsaq,GL,12/4/2021 4:20,60.9167,-46.05,21.42,63,100,13.85,snow
485,Greece,US,12/4/2021 4:20,43.2098,-77.6931,35.58,74,90,1.99,light snow
486,Imperia,IT,12/4/2021 4:20,43.9667,7.7833,43.41,51,50,5.17,scattered clouds
487,North Bend,US,12/4/2021 4:20,43.4065,-124.2243,46.85,93,1,5.75,clear sky
488,Rio Grande,BR,12/4/2021 4:20,-32.035,-52.0986,67.95,78,4,11.21,clear sky
489,Palembang,ID,12/4/2021 4:20,-2.9167,104.7458,86.09,66,40,12.66,moderate rain
490,Skelleftea,SE,12/4/2021 4:20,64.7507,20.9528,23,56,20,5.01,few clouds
491,Filingue,NE,12/4/2021 4:20,14.3521,3.3168,72.37,19,53,7.65,broken clouds
492,Golspie,GB,12/4/2021 4:20,57.9727,-3.978,40.37,96,100,6.64,light rain
493,Geelong,AU,12/4/2021 4:20,-38.1471,144.3607,66.99,71,75,5.99,broken clouds
494,Puerto Baquerizo Moreno,EC,12/4/2021 4:20,-0.9,-89.6,67.33,91,5,8.25,clear sky
495,Berbera,SO,12/4/2021 4:20,10.4396,45.0143,76.42,60,0,4.47,clear sky
496,Pangai,TO,12/4/2021 4:20,-19.8,-174.35,82.51,74,20,17.27,few clouds
497,Santa Maria,BR,12/4/2021 4:16,-29.6842,-53.8069,62.17,87,3,8.86,clear sky
498,Batticaloa,LK,12/4/2021 4:20,7.7102,81.6924,80.53,78,95,2.04,overcast clouds
499,Kununurra,AU,12/4/2021 4:20,-15.7667,128.7333,102.18,30,99,4.61,overcast clouds
500,Onguday,RU,12/4/2021 4:20,50.75,86.15,24.21,91,47,1.03,scattered clouds
501,Kichera,RU,12/4/2021 4:20,55.9375,110.0997,28.69,91,95,6.58,overcast clouds
502,Port-Cartier,CA,12/4/2021 4:20,50.0334,-66.8654,22.75,67,63,18.99,broken clouds
503,West Wendover,US,12/4/2021 4:16,40.7391,-114.0733,27.61,74,1,0,clear sky
504,Cururupu,BR,12/4/2021 4:21,-1.8283,-44.8683,74.77,93,43,2.04,scattered clouds
505,Tahe,CN,12/4/2021 4:21,52.3333,124.7333,10.67,61,96,3.31,overcast clouds
506,Salacgriva,LV,12/4/2021 4:21,57.7536,24.3581,26.58,80,94,2.62,overcast clouds
507,Banikoara,BJ,12/4/2021 4:21,11.2985,2.4386,71.82,23,6,4.94,clear sky
508,Tazovskiy,RU,12/4/2021 4:21,67.4667,78.7,-23.6,95,96,8.43,overcast clouds
509,Ossora,RU,12/4/2021 4:21,59.2353,163.0719,14.25,87,79,4.38,broken clouds
510,Namie,JP,12/4/2021 4:21,37.4833,141,55.98,44,44,1.99,scattered clouds
511,Mweka,CD,12/4/2021 4:21,-4.85,21.5667,67.23,99,100,1.95,overcast clouds
512,Tucurui,BR,12/4/2021 4:21,-3.7661,-49.6725,73.31,98,85,2.77,overcast clouds
513,De Pere,US,12/4/2021 4:19,44.4489,-88.0604,36.93,84,1,3,clear sky
514,Katsuura,JP,12/4/2021 4:21,35.1333,140.3,57.31,54,2,20.85,clear sky
515,Tautira,PF,12/4/2021 4:21,-17.7333,-149.15,84.22,77,51,15.37,broken clouds
516,Bonavista,CA,12/4/2021 4:21,48.6499,-53.1147,43.12,74,41,36.57,scattered clouds
517,Sarkand,KZ,12/4/2021 4:21,45.41,79.9186,44.42,72,100,1.97,overcast clouds
518,Florianopolis,BR,12/4/2021 4:21,-27.6146,-48.5012,68.38,99,75,3.44,broken clouds
519,Soledade,BR,12/4/2021 4:21,-28.8183,-52.5103,56.43,94,2,5.77,clear sky
520,Xunchang,CN,12/4/2021 4:21,28.4543,104.715,58.46,66,100,2.35,overcast clouds
521,Huilong,CN,12/4/2021 4:21,31.8111,121.655,58.98,41,2,2.01,clear sky
522,Mount Hagen,PG,12/4/2021 4:21,-5.8581,144.2274,77.76,53,40,11.5,haze
523,Lavrentiya,RU,12/4/2021 4:21,65.5833,-171,24.12,96,100,5.75,light snow
524,Phan Thiet,VN,12/4/2021 4:21,10.9333,108.1,77.36,67,79,4.83,broken clouds
525,Ketchikan,US,12/4/2021 4:17,55.3422,-131.6461,30.67,93,75,4.61,light snow
526,Huallanca,PE,12/4/2021 4:21,-9.8993,-76.9417,48.96,87,100,1.86,overcast clouds
527,Larsnes,NO,12/4/2021 4:21,62.2028,5.5773,36.68,76,100,13.38,overcast clouds
528,Tutoia,BR,12/4/2021 4:21,-2.7619,-42.2744,80.49,78,82,10.25,broken clouds
529,Luzilandia,BR,12/4/2021 4:21,-3.4578,-42.3703,75.56,93,92,3.96,light rain
530,Fengxian,CN,12/4/2021 4:21,34.7039,116.5872,54.75,30,25,6.49,scattered clouds
531,Katherine,AU,12/4/2021 4:21,-14.4667,132.2667,102.52,25,75,6.91,broken clouds
532,Dong Hoi,VN,12/4/2021 4:21,17.4833,106.6,71.49,58,72,12.37,broken clouds
533,Chute-Aux-Outardes,CA,12/4/2021 4:21,49.1168,-68.399,21.51,68,75,5.75,broken clouds
534,Olafsvik,IS,12/4/2021 4:21,64.8945,-23.7142,35.64,60,79,1.7,broken clouds
535,Taseyevo,RU,12/4/2021 4:21,57.2169,94.8978,28.26,76,96,16.2,overcast clouds
536,Watrous,CA,12/4/2021 4:21,51.6668,-105.4679,11.98,85,6,6.91,clear sky
537,Malaryta,BY,12/4/2021 4:21,51.7905,24.074,28.15,56,71,9.33,broken clouds
538,Minab,IR,12/4/2021 4:21,27.1467,57.0801,65.7,64,1,3.44,clear sky
539,Seoul,KR,12/4/2021 4:19,37.5683,126.9778,44.17,42,20,9.22,few clouds
540,Aransas Pass,US,12/4/2021 4:17,27.9095,-97.15,73.63,92,1,5.99,clear sky
541,Te Anau,NZ,12/4/2021 4:21,-45.4167,167.7167,59.7,97,100,2.68,overcast clouds
542,Abengourou,CI,12/4/2021 4:21,6.7297,-3.4964,71.91,99,100,2.33,overcast clouds
543,Saint-Francois,FR,12/4/2021 4:21,46.4154,3.9054,49.68,81,90,10.36,light rain
544,Amursk,RU,12/4/2021 4:21,50.2261,136.8994,3.25,88,90,8.16,overcast clouds
545,Ostrogozhsk,RU,12/4/2021 4:21,50.8664,39.0756,35.98,87,100,9.28,overcast clouds
546,Quang Ngai,VN,12/4/2021 4:22,15.1167,108.8,74.05,61,16,13.44,few clouds
547,Corinto,GR,12/4/2021 4:19,37.9407,22.9573,58.44,89,98,4.65,overcast clouds
548,Troitskoye,RU,12/4/2021 4:22,52.9821,84.6757,29.41,86,79,15.79,broken clouds
549,Majene,ID,12/4/2021 4:22,-3.5403,118.9707,83.25,75,100,3.44,overcast clouds
550,Maloy,NO,12/4/2021 4:22,61.9353,5.1136,36.73,77,100,10,overcast clouds
551,Labuhan,ID,12/4/2021 4:22,-6.8844,112.2051,84.45,72,99,8.7,overcast clouds
552,Pokhara,NP,12/4/2021 4:22,28.2333,83.9833,71.74,34,65,3,broken clouds
553,Theunissen,ZA,12/4/2021 4:19,-28.411,26.7011,62.29,83,96,3.69,light rain
554,Baherden,TM,12/4/2021 4:22,38.4362,57.4316,43.59,85,99,6.78,overcast clouds
555,Provideniya,RU,12/4/2021 4:19,64.3833,-173.3,23.94,93,97,11.99,light snow
556,Mapiripan,CO,12/4/2021 4:22,2.8892,-72.1256,73.94,85,95,4.07,overcast clouds
557,Poum,NC,12/4/2021 4:22,-20.2333,164.0167,81.07,74,32,13.91,scattered clouds
558,Agirish,RU,12/4/2021 4:22,61.9247,63.0231,3.38,93,21,5.35,few clouds
559,Andros Town,BS,12/4/2021 4:22,24.7,-77.7667,64.36,63,0,9.37,clear sky
560,Mahibadhoo,MV,12/4/2021 4:22,3.7833,72.9667,82.53,74,22,8.93,few clouds
561,Vostok,RU,12/4/2021 4:22,46.4856,135.8833,4.46,85,100,8.55,overcast clouds
562,Sandwick,GB,12/4/2021 4:22,60,-1.25,37.22,87,100,8.05,overcast clouds
563,Maceio,BR,12/4/2021 4:22,-9.6658,-35.7353,80.04,89,40,2.3,scattered clouds
564,Santiago Del Estero,AR,12/4/2021 4:22,-27.7951,-64.2615,81.88,40,100,4.25,overcast clouds
565,Iqaluit,CA,12/4/2021 4:20,63.7506,-68.5145,2.93,77,20,15.99,few clouds
566,Salinopolis,BR,12/4/2021 4:22,-0.6136,-47.3561,77.99,87,100,6.53,overcast clouds
567,Guadalupe Y Calvo,MX,12/4/2021 4:22,26.1,-106.9667,46.47,58,10,4.76,clear sky
568,Baguanos,CU,12/4/2021 4:22,20.7517,-76.0269,73.69,90,74,6.87,broken clouds
569,Shiyan,CN,12/4/2021 4:22,32.6475,110.7781,62.4,39,0,3.02,clear sky
570,Kaeo,NZ,12/4/2021 4:22,-35.1,173.7833,70.32,86,100,7.83,overcast clouds
571,Ust-Tsilma,RU,12/4/2021 4:22,65.441,52.1498,-15.16,100,92,3.2,overcast clouds
572,Primorsko-Akhtarsk,RU,12/4/2021 4:22,46.0497,38.1747,51.78,69,98,14.83,overcast clouds
573,Umm Lajj,SA,12/4/2021 4:22,25.0213,37.2685,73.89,54,39,6.73,scattered clouds
574,High Level,CA,12/4/2021 4:22,58.5169,-117.136,-9.29,84,90,5.75,light snow
575,Lensk,RU,12/4/2021 4:21,60.7253,114.9278,29.8,95,100,13.06,light snow
576,Rincon,US,12/4/2021 4:22,32.296,-81.2354,60.85,82,1,5.75,clear sky
577,Dasoguz,TM,12/4/2021 4:19,41.8363,59.9666,37.51,69,0,6.91,clear sky
578,Jian,CN,12/4/2021 4:22,27.1172,114.9793,60.12,32,81,4.36,broken clouds
579,Nizhnedevitsk,RU,12/4/2021 4:22,51.5419,38.3657,32.05,87,100,10.65,overcast clouds
580,Quelimane,MZ,12/4/2021 4:22,-17.8786,36.8883,80.55,74,20,8.05,few clouds
581,Salta,AR,12/4/2021 4:19,-24.7859,-65.4117,75.79,76,75,4,broken clouds
582,Xiongyue,CN,12/4/2021 4:22,40.1774,122.1228,35.6,33,0,9.04,clear sky
583,Berlevag,NO,12/4/2021 4:22,70.8578,29.0864,22.86,79,46,13.22,scattered clouds
584,Poli,TZ,12/4/2021 4:22,-3.3333,36.8,61.07,86,40,3.24,scattered clouds
585,Saint-Denis,FR,12/4/2021 4:22,48.9167,2.3333,54.99,95,90,4,drizzle
586,Bokovskaya,RU,12/4/2021 4:21,49.229,41.8306,42.91,77,100,16.33,overcast clouds
587,Mwene-Ditu,CD,12/4/2021 4:22,-7,23.45,64.98,94,100,1.66,overcast clouds
588,Uyutne,UA,12/4/2021 4:22,45.1994,33.3014,52.83,86,100,3.6,overcast clouds
589,Margate,GB,12/4/2021 4:19,51.3813,1.3862,42.96,87,28,7.38,scattered clouds
590,Lamu,KE,12/4/2021 4:23,-2.2717,40.902,84.42,80,58,7.78,broken clouds
591,Sorong,ID,12/4/2021 4:19,-0.8833,131.25,82.36,77,92,15.12,overcast clouds
592,Karasjok,NO,12/4/2021 4:23,69.4719,25.5112,5.11,100,100,2.19,overcast clouds
593,Raga,SS,12/4/2021 4:23,8.4596,25.678,71.69,36,9,3.8,clear sky
594,Gorontalo,ID,12/4/2021 4:23,0.5412,123.0595,83.79,80,100,1.9,overcast clouds
595,Nastola,FI,12/4/2021 4:23,60.95,25.9333,21.18,90,94,7.02,light snow
596,Malakal,SS,12/4/2021 4:23,9.5334,31.6605,77.88,39,13,6.29,few clouds
597,Viedma,AR,12/4/2021 4:23,-40.8135,-62.9967,52.65,68,48,8.7,scattered clouds
598,Richards Bay,ZA,12/4/2021 4:23,-28.783,32.0377,71.69,83,100,7.05,overcast clouds
599,Kristiinankaupunki,FI,12/4/2021 4:23,62.2743,21.376,15.26,91,63,8.21,broken clouds
600,Palmer,US,12/4/2021 4:23,42.1584,-72.3287,31.6,55,75,1.99,broken clouds
601,Puerto Rico,AR,12/4/2021 4:23,-26.796,-55.024,65.75,66,8,1.28,clear sky
602,Roebourne,AU,12/4/2021 4:23,-20.7833,117.1333,103.01,21,41,8.46,scattered clouds
603,Kondoa,TZ,12/4/2021 4:23,-4.9,35.7833,60.44,90,14,4.54,few clouds
604,Qostanay,KZ,12/4/2021 4:23,53.1667,63.5833,28.69,100,40,11.18,scattered clouds
605,Plaster Rock,CA,12/4/2021 4:23,46.9065,-67.39,17.56,75,84,12.48,broken clouds
606,Sonneberg,DE,12/4/2021 4:23,50.35,11.1667,33.19,94,100,6.08,snow
607,Baoqing,CN,12/4/2021 4:23,46.3317,132.2111,7.56,66,0,13.73,clear sky
608,Freeport,US,12/4/2021 4:21,40.6576,-73.5832,41.02,61,20,1.01,few clouds
609,Heyang,CN,12/4/2021 4:23,26.1011,107.473,59.36,59,29,2.8,scattered clouds
610,Guilin,CN,12/4/2021 4:23,25.2819,110.2864,68.11,32,9,4.5,clear sky
611,Matamoros,MX,12/4/2021 4:23,25.5333,-103.25,65.1,69,0,5.1,clear sky
612,Colac,AU,12/4/2021 4:23,-38.3333,143.5833,62.15,57,90,10.94,overcast clouds
613,Agadir,MA,12/4/2021 4:23,30.4202,-9.5982,45.05,50,0,2.35,clear sky
614,San Ramon,US,12/4/2021 4:21,37.7799,-121.978,54.21,89,90,1.01,mist
615,Neiafu,TO,12/4/2021 4:23,-18.65,-173.9833,84.88,74,40,5.75,light rain
616,Chimore,BO,12/4/2021 4:23,-16.9833,-65.1333,73.69,98,100,2.59,overcast clouds
617,Paranhos,BR,12/4/2021 4:23,-23.8928,-55.4311,69.01,54,0,4.12,clear sky
618,Mount Isa,AU,12/4/2021 4:23,-20.7333,139.5,100.17,17,40,12.66,scattered clouds
619,Ahipara,NZ,12/4/2021 4:23,-35.1667,173.1667,68.72,76,100,8.14,overcast clouds
620,The Valley,AI,12/4/2021 4:23,18.217,-63.0578,80.46,76,17,15.08,few clouds
621,Tete,MZ,12/4/2021 4:23,-16.1564,33.5867,82.49,57,0,0,clear sky
622,Rondonopolis,BR,12/4/2021 4:23,-16.4708,-54.6356,73.98,93,40,1.43,scattered clouds
623,Port Lincoln,AU,12/4/2021 4:23,-34.7333,135.8667,64.29,56,23,12.97,few clouds
624,General Bravo,MX,12/4/2021 4:23,25.8,-99.1667,71.94,81,2,15.1,clear sky
625,Puerto Escondido,MX,12/4/2021 4:20,15.85,-97.0667,77.83,78,1,4.61,clear sky
626,Barcelona,ES,12/4/2021 4:23,41.3888,2.159,52.32,80,20,1.99,few clouds
627,Gazanjyk,TM,12/4/2021 4:23,39.2446,55.5154,42.75,80,32,12.28,scattered clouds
628,Jizan,SA,12/4/2021 4:23,17.3333,42.6667,74.34,45,0,3.67,clear sky
629,Samarinda,ID,12/4/2021 4:24,-0.5,117.15,86.74,67,99,4.59,overcast clouds
630,Batsfjord,NO,12/4/2021 4:24,70.6345,29.7185,19.8,84,51,10.63,broken clouds
631,Russell,US,12/4/2021 4:24,32.3502,-85.1999,60.03,93,1,3.44,fog
632,Havre-Saint-Pierre,CA,12/4/2021 4:24,50.2334,-63.5986,23,62,1,25.32,clear sky
633,Nadym,RU,12/4/2021 4:24,65.5333,72.5167,-10.12,90,100,5.41,overcast clouds
634,Lakes Entrance,AU,12/4/2021 4:24,-37.8811,147.981,69.57,52,34,11.3,scattered clouds
635,Hami,CN,12/4/2021 4:24,42.8,93.45,28.87,49,18,2.13,few clouds
636,Marsh Harbour,BS,12/4/2021 4:24,26.5412,-77.0636,73.45,62,89,6.38,overcast clouds
637,Coquimbo,CL,12/4/2021 4:24,-29.9533,-71.3436,56.93,94,0,2.3,clear sky
638,Sainte-Rose,GP,12/4/2021 4:24,16.3324,-61.6979,77.04,88,47,2.3,scattered clouds
639,Goure,NE,12/4/2021 4:24,13.9835,10.2704,72.01,23,19,7.92,few clouds
640,Requena,ES,12/4/2021 4:24,39.4883,-1.1004,43.14,82,0,7.81,clear sky
641,Rafraf,TN,12/4/2021 4:24,37.1904,10.1837,55.72,65,16,25.39,few clouds
642,Moree,AU,12/4/2021 4:24,-29.4667,149.85,91.42,19,31,21.85,scattered clouds
643,Alexandria,EG,12/4/2021 4:24,31.2156,29.9553,60.76,82,40,3.44,scattered clouds
644,Rafai,CF,12/4/2021 4:24,4.95,23.9167,69.15,93,100,0.96,overcast clouds
645,Mancio Lima,BR,12/4/2021 4:24,-7.6142,-72.8958,73.56,92,100,2.75,overcast clouds
646,Kitami,JP,12/4/2021 4:24,43.8031,143.8908,40.46,71,94,1.16,overcast clouds
647,Odweyne,SO,12/4/2021 4:24,9.4092,45.064,62.22,42,0,11.36,clear sky
648,Sibolga,ID,12/4/2021 4:24,1.7427,98.7792,85.78,66,56,4.61,broken clouds
649,Ronne,DK,12/4/2021 4:24,55.1009,14.7066,42.71,93,90,23.02,overcast clouds
650,Hanna,CA,12/4/2021 4:24,51.6334,-111.9018,21.22,71,96,5.99,overcast clouds
651,Lerwick,GB,12/4/2021 4:24,60.1545,-1.1494,37.4,74,100,4.29,overcast clouds
652,Tombouctou,ML,12/4/2021 4:24,20,-3,63.48,24,88,13.04,overcast clouds
653,Tommot,RU,12/4/2021 4:24,58.9564,126.2925,5.18,94,100,3.78,light snow
654,Concepcion,CL,12/4/2021 4:20,-36.827,-73.0498,53.4,82,0,10.36,clear sky
655,Anicuns,BR,12/4/2021 4:24,-16.4611,-49.9617,70.3,90,85,2.48,overcast clouds
656,Alamosa,US,12/4/2021 4:24,37.4695,-105.87,35.11,64,1,4.61,clear sky
657,Grootfontein,NA,12/4/2021 4:24,-19.5667,18.1167,63.97,94,99,12.66,light rain
658,Yarada,IN,12/4/2021 4:24,17.65,83.2667,79.12,61,75,16.11,moderate rain
659,Loreto,MX,12/4/2021 4:24,22.2667,-101.9667,58.59,41,2,7.49,clear sky
660,Murmashi,RU,12/4/2021 4:24,68.8154,32.8115,-14.39,76,0,2.24,clear sky
661,Khandbari,NP,12/4/2021 4:24,27.3747,87.2039,66.88,70,89,3.98,overcast clouds
662,Xichang,CN,12/4/2021 4:24,27.8964,102.2634,52.34,87,100,0.96,overcast clouds
663,Marzuq,YE,12/4/2021 4:24,14.4,46.4667,58.93,27,17,2.66,few clouds
664,Nouadhibou,MR,12/4/2021 4:23,20.931,-17.0347,60.78,67,0,19.57,clear sky
665,Bustamante,MX,12/4/2021 4:24,26.5333,-100.5,71.46,64,4,8.86,clear sky
666,College,US,12/4/2021 4:24,64.8569,-147.8028,-22.34,70,1,3.44,clear sky
667,Destin,US,12/4/2021 4:24,30.3935,-86.4958,63.01,94,1,0,mist
668,Calama,CL,12/4/2021 4:24,-22.4667,-68.9333,50.49,22,28,11.5,scattered clouds
669,Litomysl,CZ,12/4/2021 4:25,49.8681,16.313,31.66,70,100,12.57,overcast clouds
670,Tanda,IN,12/4/2021 4:25,26.55,82.65,71.28,51,85,3.83,overcast clouds
671,Esperantinopolis,BR,12/4/2021 4:25,-4.8667,-44.7083,73.15,97,57,2.51,moderate rain
672,Muriwai Beach,NZ,12/4/2021 4:25,-36.8167,174.45,68.95,83,100,10.76,light rain
673,Luwingu,ZM,12/4/2021 4:25,-10.2621,29.9271,62.83,59,4,4.99,clear sky
674,Sao Gabriel,BR,12/4/2021 4:25,-30.3364,-54.32,62.28,81,12,12.19,few clouds
675,Nuuk,GL,12/4/2021 4:25,64.1835,-51.7216,25.41,50,90,21.85,overcast clouds
676,Egvekinot,RU,12/4/2021 4:25,66.3167,-179.1667,-11.96,98,47,4.34,scattered clouds
677,Melendugno,IT,12/4/2021 4:25,40.2747,18.3368,55.06,70,40,16.11,scattered clouds
678,Praia Da Vitoria,PT,12/4/2021 4:25,38.7333,-27.0667,62.76,100,40,5.44,scattered clouds
679,Vredendal,ZA,12/4/2021 4:25,-31.6683,18.5012,66.09,77,100,6.96,moderate rain
680,Bebington,GB,12/4/2021 4:25,53.35,-3.0167,44.64,85,75,7,broken clouds
681,Omboue,GA,12/4/2021 4:25,-1.5746,9.2618,76.05,88,100,2.53,overcast clouds
682,Itacare,BR,12/4/2021 4:25,-14.2775,-38.9967,73.83,91,100,2.26,overcast clouds
683,Maple Creek,CA,12/4/2021 4:24,49.9168,-109.4848,25.21,79,100,4.61,overcast clouds
684,Kroya,ID,12/4/2021 4:25,-7.6331,109.2461,84.72,70,54,9.22,light rain
685,Vanavara,RU,12/4/2021 4:25,60.34,102.2797,28.85,88,100,13.33,overcast clouds
686,Tulancingo,MX,12/4/2021 4:25,20.0833,-98.3667,50.5,91,87,1.88,overcast clouds
687,Loubomo,CG,12/4/2021 4:25,-4.1997,12.6739,71.94,98,100,2.04,moderate rain
688,Antonina,BR,12/4/2021 4:20,-25.4286,-48.7119,70.74,99,97,1.48,overcast clouds
689,Miquelon,PM,12/4/2021 4:25,47.0975,-56.3814,39,73,88,39.21,overcast clouds
690,Beatrice,US,12/4/2021 4:25,40.2681,-96.747,45,64,3,9.37,clear sky
691,Borda Da Mata,BR,12/4/2021 4:25,-22.2742,-46.1653,59.63,97,1,3.67,clear sky
